[
    {
        "name": "id",
        "dbType": "increments",
        "htmlType": "",
        "validations": "",
        "searchable": false,
        "fillable": false,
        "primary": true,
        "inForm": false,
        "inIndex": false,
        "inView": false
    },
    {
        "name": "name",
        "dbType": "string",
        "htmlType": "text",
        "validations": "required",
        "searchable": true,
        "fillable": true,
        "primary": false,
        "inForm": true,
        "inIndex": true,
        "inView": true
    },
    {
        "name": "description",
        "dbType": "string",
        "htmlType": "text",
        "validations": "required",
        "searchable": true,
        "fillable": true,
        "primary": false,
        "inForm": true,
        "inIndex": true,
        "inView": true
    },
    {
        "name": "make_id",
        "dbType": "integer:unsigned:foreign,makes,id",
        "htmlType": "number",
        "validations": "",
        "searchable": false,
        "fillable": true,
        "primary": false,
        "inForm": true,
        "inIndex": true,
        "inView": true
    },
    {
        "name": "model_id",
        "dbType": "integer:unsigned:foreign,models,id",
        "htmlType": "number",
        "validations": "",
        "searchable": true,
        "fillable": true,
        "primary": false,
        "inForm": true,
        "inIndex": true,
        "inView": true
    },
    {
        "name": "type",
        "dbType": "string",
        "htmlType": "text",
        "validations": "required",
        "searchable": false,
        "fillable": true,
        "primary": false,
        "inForm": true,
        "inIndex": true,
        "inView": true
    },
    {
        "name": "amount",
        "dbType": "integer",
        "htmlType": "number",
        "validations": "",
        "searchable": false,
        "fillable": true,
        "primary": false,
        "inForm": true,
        "inIndex": true,
        "inView": true
    },
    {
        "name": "beginning",
        "dbType": "timestamp",
        "htmlType": "datetime",
        "validations": "",
        "searchable": false,
        "fillable": true,
        "primary": false,
        "inForm": true,
        "inIndex": true,
        "inView": true
    },
    {
        "name": "end",
        "dbType": "timestamp",
        "htmlType": "datetime",
        "validations": "",
        "searchable": false,
        "fillable": true,
        "primary": false,
        "inForm": true,
        "inIndex": true,
        "inView": true
    },
    {
        "name": "created_at",
        "dbType": "timestamp",
        "htmlType": "datetime",
        "validations": "",
        "searchable": false,
        "fillable": false,
        "primary": false,
        "inForm": true,
        "inIndex": false,
        "inView": true
    },
    {
        "name": "updated_at",
        "dbType": "timestamp",
        "htmlType": "datetime",
        "validations": "",
        "searchable": false,
        "fillable": false,
        "primary": false,
        "inForm": true,
        "inIndex": false,
        "inView": true
    },
    {
        "type": "relation",
        "relation": "mt1,Make,make_id,id"
    },
    {
        "type": "relation",
        "relation": "mt1,CarModel,model_id,id"
    }
]