[
    {
        "name": "id",
        "dbType": "increments",
        "htmlType": "",
        "validations": "",
        "searchable": false,
        "fillable": false,
        "primary": true,
        "inForm": false,
        "inIndex": false,
        "inView": false
    },
    {
        "name": "benefit_id",
        "dbType":  "integer:unsigned:foreign,benefits,id",
        "relation": "mt1,Benefits,benefit_id,id",
        "htmlType": "number"
    },
    {
        "name": "proposal_id",
        "dbType": "integer:unsigned:foreign,proposals,id",
        "relation": "mt1,Proposals,proposal_id,id",
        "htmlType": "number"
    },
    {
        "name": "created_at",
        "dbType": "timestamp",
        "htmlType": "datetime",
        "validations": "",
        "searchable": false,
        "fillable": false,
        "primary": false,
        "inIndex": false
    },
    {
        "name": "updated_at",
        "dbType": "timestamp",
        "htmlType": "datetime",
        "validations": "",
        "searchable": false,
        "fillable": false,
        "primary": false,
        "inIndex": false
    }
]