[
    {
        "name": "id",
        "dbType": "increments",
        "htmlType": "",
        "validations": "",
        "searchable": false,
        "fillable": false,
        "primary": true,
        "inForm": false,
        "inIndex": false,
        "inView": false
    },
    {
        "name": "name",
        "dbType": "string",
        "htmlType": "text",
        "validations": "required",
        "searchable": true
    },
    {
        "name": "min",
        "dbType": "integer",
        "htmlType": "number"
    },
    {
        "name": "max",
        "dbType": "integer",
        "htmlType": "number"
    },
    {
        "name": "responsible_id",
        "dbType": "integer:unsigned:foreign,users,id",
        "relation": "mt1,User,responsible_id,id",
        "htmlType": "number"
    },
    {
        "name": "color",
        "dbType": "string",
        "htmlType": "text",
        "validations": "required"
    },
    {
        "name": "created_at",
        "dbType": "timestamp",
        "htmlType": "datetime",
        "validations": "",
        "searchable": false,
        "fillable": false,
        "primary": false,
        "inIndex": false
    },
    {
        "name": "updated_at",
        "dbType": "timestamp",
        "htmlType": "datetime",
        "validations": "",
        "searchable": false,
        "fillable": false,
        "primary": false,
        "inIndex": false
    }
]