[
    {
        "name": "id",
        "dbType": "increments",
        "htmlType": "",
        "validations": "",
        "searchable": false,
        "fillable": false,
        "primary": true,
        "inForm": false,
        "inIndex": false,
        "inView": false
    },
    {
        "name": "client_id",
        "dbType": "integer:unsigned:foreign,users,id",
        "relation": "mt1,User,client_id,id",
        "htmlType": "number"
    },
    {
        "name": "vendor_id",
        "dbType": "integer",
        "htmlType": "number"
    },
    {
        "name": "price",
        "dbType": "integer",
        "htmlType": "number"
    }, 
    {
        "name": "pos_number",
        "dbType": "integer",
        "htmlType": "number"
    },
    {
        "name": "prop_value",
        "dbType": "integer",
        "htmlType": "number"
    },
    {
        "name": "first_contact_date",
        "dbType": "integer",
        "htmlType": "number"
    },
    {
        "name": "last_contact_date",
        "dbType": "integer",
        "htmlType": "number"
    },
    {
        "name": "next_contact_date",
        "dbType": "integer",
        "htmlType": "number"
    },
    {
        "name": "contract",
        "dbType": "string",
        "htmlType": "file"
    },
    {
        "name": "test_drive",
        "dbType": "boolean",
        "htmlType": "checkbox"
    },
    {
        "name": "state_id",
        "dbType": "integer:unsigned:foreign,proposal_states,id",
        "relation": "mt1,ProposalState,state_id,id",
        "htmlType": "number",
        "validations": "required"
    },
    {
        "name": "business_study_id",
        "dbType": "integer:unsigned:foreign,business_studies,id",
        "relation": "mt1,BusinessStudy,business_study_id,id",
        "htmlType": "number",
        "validations": "required"
    },
    {
        "name": "comment",
        "dbType": "text",
        "htmlType": "textarea"
    },
    {
        "name": "created_at",
        "dbType": "timestamp",
        "htmlType": "datetime",
        "validations": "",
        "searchable": false,
        "fillable": false,
        "primary": false,
        "inIndex": false
    },
    {
        "name": "updated_at",
        "dbType": "timestamp",
        "htmlType": "datetime",
        "validations": "",
        "searchable": false,
        "fillable": false,
        "primary": false,
        "inIndex": false
    }
]